author,desc,genre,image,page,release,score,time,title
Robert Zemeckis,"
Quelques décennies d'histoire américaine, des années 1940 à la fin du XXème siècle, à travers le regard et l'étrange odyssée d'un homme simple et pur, Forrest Gump.
",Romance,https://fr.web.img2.acsta.net/c_310_420/pictures/15/10/13/15/12/514297.jpg,,28 octobre 2015,"2,6","
2h 20min
",Forrest Gump
Robert Zemeckis,"
Quelques décennies d'histoire américaine, des années 1940 à la fin du XXème siècle, à travers le regard et l'étrange odyssée d'un homme simple et pur, Forrest Gump.
",Romance,https://fr.web.img2.acsta.net/c_310_420/pictures/15/10/13/15/12/514297.jpg,,28 octobre 2015,"2,6","
2h 20min
",Forrest Gump
Robert Zemeckis,"
Quelques décennies d'histoire américaine, des années 1940 à la fin du XXème siècle, à travers le regard et l'étrange odyssée d'un homme simple et pur, Forrest Gump.
",Romance,https://fr.web.img2.acsta.net/c_310_420/pictures/15/10/13/15/12/514297.jpg,,28 octobre 2015,"2,6","
2h 20min
",Forrest Gump
Robert Zemeckis,"
Quelques décennies d'histoire américaine, des années 1940 à la fin du XXème siècle, à travers le regard et l'étrange odyssée d'un homme simple et pur, Forrest Gump.
",Romance,https://fr.web.img2.acsta.net/c_310_420/pictures/15/10/13/15/12/514297.jpg,,28 octobre 2015,"2,6","
2h 20min
",Forrest Gump
Robert Zemeckis,"
Quelques décennies d'histoire américaine, des années 1940 à la fin du XXème siècle, à travers le regard et l'étrange odyssée d'un homme simple et pur, Forrest Gump.
",Romance,https://fr.web.img2.acsta.net/c_310_420/pictures/15/10/13/15/12/514297.jpg,,28 octobre 2015,"2,6","
2h 20min
",Forrest Gump
Robert Zemeckis,"
Quelques décennies d'histoire américaine, des années 1940 à la fin du XXème siècle, à travers le regard et l'étrange odyssée d'un homme simple et pur, Forrest Gump.
",Romance,https://fr.web.img2.acsta.net/c_310_420/pictures/15/10/13/15/12/514297.jpg,,28 octobre 2015,"2,6","
2h 20min
",Forrest Gump
Robert Zemeckis,"
Quelques décennies d'histoire américaine, des années 1940 à la fin du XXème siècle, à travers le regard et l'étrange odyssée d'un homme simple et pur, Forrest Gump.
",Romance,https://fr.web.img2.acsta.net/c_310_420/pictures/15/10/13/15/12/514297.jpg,,28 octobre 2015,"2,6","
2h 20min
",Forrest Gump
Robert Zemeckis,"
Quelques décennies d'histoire américaine, des années 1940 à la fin du XXème siècle, à travers le regard et l'étrange odyssée d'un homme simple et pur, Forrest Gump.
",Romance,https://fr.web.img2.acsta.net/c_310_420/pictures/15/10/13/15/12/514297.jpg,,28 octobre 2015,"2,6","
2h 20min
",Forrest Gump
Robert Zemeckis,"
Quelques décennies d'histoire américaine, des années 1940 à la fin du XXème siècle, à travers le regard et l'étrange odyssée d'un homme simple et pur, Forrest Gump.
",Romance,https://fr.web.img2.acsta.net/c_310_420/pictures/15/10/13/15/12/514297.jpg,,28 octobre 2015,"2,6","
2h 20min
",Forrest Gump
Robert Zemeckis,"
Quelques décennies d'histoire américaine, des années 1940 à la fin du XXème siècle, à travers le regard et l'étrange odyssée d'un homme simple et pur, Forrest Gump.
",Romance,https://fr.web.img2.acsta.net/c_310_420/pictures/15/10/13/15/12/514297.jpg,,28 octobre 2015,"2,6","
2h 20min
",Forrest Gump
